{"_runtime":2.409659908,"_step":4,"_wandb":{"runtime":2},"train_loss":0.4445081651210785,"val_loss":0.44031938910484314,"_timestamp":1.729668114020828e+09}