{"_wandb":{"runtime":40},"_timestamp":1.729667329055594e+09,"_runtime":40.303499779,"_step":19,"train_loss":0.3298933472898271,"val_loss":0.31681859493255615}