{"train_loss":0.41157703995704653,"val_loss":0.40711483359336853,"_timestamp":1.729670775969195e+09,"_runtime":9.027150156,"_step":19,"_wandb":{"runtime":9}}