{"_runtime":9.664725301,"_step":4,"_wandb":{"runtime":9},"train_loss":0.41441861788431805,"val_loss":0.4511856436729431,"_timestamp":1.7297612266199677e+09}