{"val_loss":0.6043479740619659,"_timestamp":1.7296685433475423e+09,"_runtime":10.454840963,"_step":4,"train_loss":0.5498815476894379,"_wandb":{"runtime":10}}