{"train_loss":0.4120919585227966,"val_loss":0.4052557945251465,"_timestamp":1.729760989461027e+09,"_runtime":8.348060504,"_step":19,"_wandb":{"runtime":8}}