{"_runtime":2.337435778,"_step":4,"train_loss":0.422766900062561,"_wandb":{"runtime":2},"val_loss":0.4120943248271942,"_timestamp":1.7297644762554145e+09}