{"_wandb":{"runtime":8},"val_loss":0.40298545360565186,"_timestamp":1.7296694819512224e+09,"_runtime":8.727972328,"_step":19,"train_loss":0.4114541053771973}