{"_step":4,"train_loss":0.35562922226058113,"val_loss":0.5086798667907715,"_wandb":{"runtime":9},"_timestamp":1.7297609274298687e+09,"_runtime":9.781321196}