{"_step":4,"_wandb":{"runtime":2},"train_loss":0.4226398229598999,"val_loss":0.41497373580932617,"_timestamp":1.7296701804115672e+09,"_runtime":2.469701058}