{"val_loss":0.45558661222457886,"_timestamp":1.7296707181641848e+09,"_runtime":2.465681386,"_step":4,"train_loss":0.4486076354980469,"_wandb":{"runtime":2}}