{"_timestamp":1.7297718031109805e+09,"_runtime":41.410712202,"_step":19,"_wandb":{"runtime":41},"train_loss":0.34016545944743687,"val_loss":0.6402312219142914}