{"_runtime":10.720403438,"_step":4,"train_loss":0.5580434600512186,"val_loss":0.5495984554290771,"_wandb":{"runtime":10},"_timestamp":1.7296699954828224e+09}