{"train_loss":1.2426095257202785,"_wandb":{"runtime":39},"val_loss":0.43328481912612915,"_timestamp":1.729767820661269e+09,"_runtime":39.598245066,"_step":19}