{"train_loss":0.5407215058803558,"val_loss":0.5132660865783691,"_timestamp":1.7297677685103424e+09,"_runtime":9.777598375,"_step":4,"_wandb":{"runtime":9}}