{"_step":4,"train_loss":0.553865608241823,"val_loss":0.6312247812747955,"_timestamp":1.7297717509001105e+09,"_runtime":11.184650621,"_wandb":{"runtime":11}}