{"train_loss":0.4144535005092621,"val_loss":0.40474748611450195,"_wandb":{"runtime":8},"_timestamp":1.7297718154412727e+09,"_runtime":8.891604838,"_step":19}