{"_wandb":{"runtime":40},"_step":19,"train_loss":0.4739314847522312,"val_loss":0.42034317553043365,"_timestamp":1.7296698628669195e+09,"_runtime":40.388871911}