{"_wandb":{"runtime":9},"train_loss":0.3639784852663676,"val_loss":0.35653267800807953,"_timestamp":1.7297611319974637e+09,"_runtime":9.7705416,"_step":4}