{"_runtime":42.029248893,"_wandb":{"runtime":42},"_step":19,"train_loss":0.4657931559615665,"val_loss":0.41196903586387634,"_timestamp":1.7296709616232092e+09}