{"train_loss":0.41072052121162417,"val_loss":0.40437015891075134,"_timestamp":1.72966987524325e+09,"_runtime":8.870087551,"_step":19,"_wandb":{"runtime":8}}