{"train_loss":0.46667482852935793,"val_loss":0.44604039192199707,"_timestamp":1.729670916197851e+09,"_wandb":{"runtime":2},"_runtime":2.698163761,"_step":4}