{"_wandb":{"runtime":8},"_timestamp":1.729760812879459e+09,"_runtime":8.332801123,"_step":19,"train_loss":0.4103740155696869,"val_loss":0.40661048889160156}