{"val_loss":0.44737276434898376,"_timestamp":1.7296683231338027e+09,"_wandb":{"runtime":2},"_runtime":2.5194575930000003,"_step":4,"train_loss":0.4498620808124542}