{"_wandb":{"runtime":2},"_timestamp":1.7297717584756825e+09,"_runtime":2.445671091,"_step":4,"train_loss":0.4347954154014587,"val_loss":0.42581185698509216}