{"_wandb":{"runtime":2},"_runtime":2.421723643,"_step":4,"train_loss":0.5099085867404938,"val_loss":0.46566158533096313,"_timestamp":1.7296700016871326e+09}