{"_timestamp":1.7296709741894264e+09,"_runtime":9.076816104,"_step":19,"train_loss":0.4129165053367615,"val_loss":0.40322956442832947,"_wandb":{"runtime":9}}