{"_runtime":40.747246326,"_wandb":{"runtime":40},"_step":19,"train_loss":0.32993517650498283,"val_loss":0.3008628487586975,"_timestamp":1.7296696290598767e+09}