{"_timestamp":1.7296683372339842e+09,"_runtime":10.71426698,"_step":4,"_wandb":{"runtime":10},"train_loss":0.6090967257817587,"val_loss":0.4945349246263504}