{"_runtime":8.403526357,"_step":19,"_wandb":{"runtime":8},"train_loss":0.4092925786972046,"val_loss":0.4040502905845642,"_timestamp":1.7297612874754026e+09}