{"_timestamp":1.7296709081954162e+09,"_runtime":11.225968444,"_step":4,"_wandb":{"runtime":11},"train_loss":0.4059964186615414,"val_loss":0.3399685025215149}