{"val_loss":0.40777862071990967,"_timestamp":1.7296672854333165e+09,"_runtime":7.425134768,"_step":19,"_wandb":{"runtime":7},"train_loss":0.4140444278717041}