{"val_loss":0.46594929695129395,"_timestamp":1.729670173464796e+09,"_runtime":10.447932572,"_step":4,"_wandb":{"runtime":10},"train_loss":0.5115669634607103}