{"_wandb":{"runtime":39},"train_loss":0.3947061134709252,"val_loss":0.3887992799282074,"_timestamp":1.7297612757558758e+09,"_runtime":39.413001579,"_step":19}