{"_runtime":39.482080768,"_step":19,"_wandb":{"runtime":39},"train_loss":0.3587946163283454,"val_loss":0.33216309547424316,"_timestamp":1.729760977806806e+09}