{"_runtime":10.440010389,"_step":4,"_wandb":{"runtime":10},"train_loss":0.5144404239124722,"val_loss":0.4798564463853836,"_timestamp":1.7296681071945772e+09}