{"_wandb":{"runtime":40},"_timestamp":1.729669467724504e+09,"_runtime":40.70623544,"_step":19,"train_loss":0.46600133180618286,"val_loss":0.45911042392253876}