{"val_loss":0.26930107921361923,"_timestamp":1.7297645195371313e+09,"_runtime":40.081935232,"_wandb":{"runtime":40},"_step":19,"train_loss":0.29379726615216994}