{"_timestamp":1.7297609349421196e+09,"_runtime":2.3489843710000002,"_step":4,"train_loss":0.46287928223609925,"val_loss":0.46835237741470337,"_wandb":{"runtime":2}}