{"_runtime":10.163250061,"_step":4,"train_loss":0.6546995639801025,"_wandb":{"runtime":10},"val_loss":0.6598097383975983,"_timestamp":1.7296683161203241e+09}