{"train_loss":0.4327523410320282,"val_loss":0.3405004292726517,"_timestamp":1.729670711128681e+09,"_runtime":10.543743199,"_step":4,"_wandb":{"runtime":10}}