{"_wandb":{"runtime":9},"val_loss":0.41319137811660767,"_timestamp":1.7297606000759e+09,"_runtime":9.897115054,"_step":4,"train_loss":0.48158826761775547}