{"_timestamp":1.72976446848752e+09,"_runtime":9.910879675,"_step":4,"train_loss":0.507817331287596,"_wandb":{"runtime":9},"val_loss":0.4652562141418457}