{"_timestamp":1.7297606090301204e+09,"_runtime":2.297441015,"_wandb":{"runtime":2},"_step":4,"train_loss":0.46194502115249636,"val_loss":0.43946975469589233}