{"_timestamp":1.7297612328143327e+09,"_runtime":2.896402391,"_step":4,"train_loss":0.43915610313415526,"val_loss":0.4332579970359802,"_wandb":{"runtime":2}}