{"train_loss":0.5204042136669159,"val_loss":0.46007823944091797,"_timestamp":1.7296685502941399e+09,"_runtime":2.481714161,"_step":4,"_wandb":{"runtime":2}}