{"_step":19,"train_loss":0.4121081709861755,"_wandb":{"runtime":8},"val_loss":0.40308868885040283,"_timestamp":1.7297645311508405e+09,"_runtime":8.368265116}