{"val_loss":0.4028767943382263,"_timestamp":1.7297678326816165e+09,"_wandb":{"runtime":8},"_runtime":8.567273619,"_step":19,"train_loss":0.41233947277069094}