{"_step":19,"_wandb":{"runtime":42},"train_loss":0.5262494617038302,"val_loss":0.5413890779018402,"_timestamp":1.7296700469809117e+09,"_runtime":42.165995776}