{"_runtime":11.020550319,"_step":4,"train_loss":0.4328322178787655,"val_loss":0.3958979696035385,"_wandb":{"runtime":11},"_timestamp":1.7296685651719913e+09}