{"_timestamp":1.729668134428445e+09,"_runtime":2.785204946,"_step":4,"_wandb":{"runtime":2},"train_loss":0.6486031532287597,"val_loss":0.6519257426261902}