{"_timestamp":1.7296685711787434e+09,"_runtime":2.8181244039999997,"_step":4,"_wandb":{"runtime":2},"train_loss":0.5095412731170654,"val_loss":0.460904061794281}