{"_step":4,"train_loss":0.44574434161186216,"val_loss":0.4554562270641327,"_timestamp":1.7296698192323434e+09,"_wandb":{"runtime":2},"_runtime":2.345000602}