{"val_loss":0.4375152289867401,"_timestamp":1.729760757614495e+09,"_runtime":2.360168435,"_step":4,"train_loss":0.45061365365982053,"_wandb":{"runtime":2}}