{"_wandb":{"runtime":9},"_runtime":9.869827232,"_step":4,"train_loss":0.6726865900887383,"val_loss":0.6294942200183868,"_timestamp":1.7297607489658651e+09}