{"_runtime":2.377821412,"_step":4,"train_loss":0.4520447552204132,"val_loss":0.4361076056957245,"_wandb":{"runtime":2},"_timestamp":1.7296695847586021e+09}