{"_step":19,"_wandb":{"runtime":35},"train_loss":0.20518382721477085,"val_loss":0.25523220002651215,"_timestamp":1.7296672733212433e+09,"_runtime":35.385761411}