{"_timestamp":1.7296700595678022e+09,"_runtime":8.927171229,"_step":19,"_wandb":{"runtime":8},"train_loss":0.414061564207077,"val_loss":0.4061546325683594}