{"_step":19,"_wandb":{"runtime":39},"train_loss":0.36465509401427376,"val_loss":0.42638230323791504,"_timestamp":1.7297608009525754e+09,"_runtime":39.752916831}