{"train_loss":0.41087799072265624,"val_loss":0.40255117416381836,"_timestamp":1.7296702380376403e+09,"_runtime":8.879048909,"_step":19,"_wandb":{"runtime":8}}