{"train_loss":0.45341644883155824,"val_loss":0.44166845083236694,"_timestamp":1.729767777530571e+09,"_runtime":2.388055056,"_step":4,"_wandb":{"runtime":2}}