{"train_loss":0.41270093321800233,"val_loss":0.4044516086578369,"_timestamp":1.7296673412751389e+09,"_wandb":{"runtime":8},"_runtime":8.508687158,"_step":19}