{"_step":4,"train_loss":0.48998263478279114,"val_loss":0.4410557150840759,"_timestamp":1.7296695794225914e+09,"_runtime":10.169554483,"_wandb":{"runtime":10}}