{"_wandb":{"runtime":8},"train_loss":0.41395592093467715,"val_loss":0.40348291397094727,"_timestamp":1.7296696415898006e+09,"_runtime":8.787822772,"_step":19}