{"_step":19,"_wandb":{"runtime":41},"train_loss":0.3489557620551851,"val_loss":0.3179647773504257,"_timestamp":1.7296702258091578e+09,"_runtime":41.80601113}