{"_runtime":10.011010408,"_step":4,"_wandb":{"runtime":10},"train_loss":0.34545570611953735,"val_loss":0.375712513923645,"_timestamp":1.7296698124267383e+09}