{"_wandb":{"runtime":10},"train_loss":0.496833860874176,"val_loss":0.426069051027298,"_timestamp":1.7296681280443878e+09,"_runtime":10.674209513,"_step":4}