{"val_loss":0.43637168407440186,"_timestamp":1.7297611373622797e+09,"_runtime":2.330464176,"_wandb":{"runtime":2},"_step":4,"train_loss":0.44688051342964175}