{"_wandb":{"runtime":41},"train_loss":0.3764529161983066,"val_loss":0.3652084767818451,"_timestamp":1.729670763401306e+09,"_runtime":41.710461741,"_step":19}