{"train_loss":0.42413930892944335,"val_loss":0.41037940979003906,"_timestamp":1.729668343576763e+09,"_runtime":2.810648118,"_step":4,"_wandb":{"runtime":2}}